{
  "tables": [
    {
      "table_name": "PurchaseOrderHeader",
      "columns": [
        {
          "name": "order_id",
          "type": "VARCHAR",
          "typeLength": "50"
        },
        {
          "name": "customer_id",
          "type": "VARCHAR",
          "typeLength": "50"
        },
        {
          "name": "order_date",
          "type": "DATE",
          "typeLength": ""
        },
        {
          "name": "total_amount",
          "type": "DECIMAL",
          "typeLength": "10,2"
        },
        {
          "name": "status",
          "type": "VARCHAR",
          "typeLength": "20"
        }
      ],
      "record_count": 1250
    },
    {
      "table_name": "PurchaseOrderItem",
      "columns": [
        {
          "name": "item_id",
          "type": "VARCHAR",
          "typeLength": "50"
        },
        {
          "name": "order_id",
          "type": "VARCHAR",
          "typeLength": "50"
        },
        {
          "name": "product_id",
          "type": "VARCHAR",
          "typeLength": "50"
        },
        {
          "name": "quantity",
          "type": "INT",
          "typeLength": ""
        },
        {
          "name": "unit_price",
          "type": "DECIMAL",
          "typeLength": "10,2"
        },
        {
          "name": "line_total",
          "type": "DECIMAL",
          "typeLength": "10,2"
        }
      ],
      "record_count": 3500
    },
    {
      "table_name": "PurchaseOrderPartner",
      "columns": [
        {
          "name": "partner_id",
          "type": "VARCHAR",
          "typeLength": "50"
        },
        {
          "name": "order_id",
          "type": "VARCHAR",
          "typeLength": "50"
        },
        {
          "name": "partner_type",
          "type": "VARCHAR",
          "typeLength": "20"
        },
        {
          "name": "partner_name",
          "type": "VARCHAR",
          "typeLength": "100"
        },
        {
          "name": "address",
          "type": "TEXT",
          "typeLength": ""
        }
      ],
      "record_count": 2800
    }
  ],
  "metadata": {
    "generated_at": "2025-07-17T15:36:00Z",
    "schema_version": "1.0",
    "total_tables": 3,
    "total_records": 7550
  }
}
