# Azure DevOps Epics CSV Import File

## CSV Content (Copy the content below into a .csv file):

```csv
Work Item Type,Title,Description,Priority,State,Tags
Epic,"UI & Visualization Layer - User Interface and Visualization Components","Build a comprehensive user interface layer that enables users to configure workflows, monitor migration progress, and visualize data through interactive dashboards. This epic encompasses the development of workflow development tools, BI dashboards for real-time insights, and monitoring capabilities to track system performance and migration status. 

Acceptance Criteria:
• Workflow development interface with drag-and-drop capabilities using React.js
• Real-time BI dashboards showing migration metrics with Grafana
• Monitoring console with alerts and notifications
• User authentication and role-based access controls

Technical Components: React.js for dynamic UI, Grafana for custom dashboards",1,New,"Migration,UI,Dashboard,Monitoring"
Epic,"Security & Compliance Framework - Enterprise Security and Compliance Controls","Establish a robust security and compliance framework that enforces data governance policies, ensures regulatory compliance, and maintains audit trails throughout the migration process. This includes implementing fine-grained access controls, data classification, encryption standards, and compliance reporting mechanisms.

Acceptance Criteria:
• Role-based access control implementation with Apache Ranger
• Data encryption at rest and in transit
• Audit logging and compliance reporting
• Integration with Apache Ranger for fine-grained access control for databases and object storage
• Data governance policy enforcement

Technical Components: Apache Ranger for access control and security management",1,New,"Migration,Security,Compliance,Governance"
Epic,"Orchestration Layer - Migration Workflow Orchestration Engine","Develop the core orchestration engine that manages and coordinates all migration workflows, ETL processes, and AI/ML pipelines. This system will handle workflow scheduling, dependency management, error handling, and retry mechanisms to ensure reliable and scalable migration operations.

Acceptance Criteria:
• Apache Airflow DAG implementation for migration workflows
• Automated workflow scheduling and execution
• Error handling and recovery mechanisms with retry logic
• Integration with monitoring and alerting systems
• Workflow dependency management and parallel execution

Technical Components: Apache Airflow for defining DAGs for migration workflows",1,New,"Migration,Orchestration,Workflow,ETL"
Epic,"Storage Layer Infrastructure - Scalable Storage Architecture","Design and implement a multi-tier storage architecture that supports various data types, formats, and access patterns. This includes setting up data lakes, data warehouses, and temporary staging areas with appropriate partitioning, indexing, and lifecycle management policies.

Acceptance Criteria:
• Multi-tier storage architecture setup (hot, warm, cold storage)
• Data partitioning and indexing strategies for optimal performance
• Storage lifecycle management policies and automated archival
• Integration with processing and consumption layers
• Data backup and disaster recovery mechanisms
• Support for structured, semi-structured, and unstructured data",2,New,"Migration,Storage,DataLake,Infrastructure"
Epic,"Data Processing Engine - Data Transformation and Processing Pipeline","Build comprehensive data processing capabilities including data cleaning, enrichment, and transformation services. This epic covers the implementation of ETL/ELT processes, data quality checks, schema validation, and format conversions to ensure data integrity throughout the migration process.

Acceptance Criteria:
• Data cleaning algorithms and automated quality checks
• Data enrichment services with external data sources
• Schema validation and automated format conversion tools
• Performance optimization with parallel processing capabilities
• Data lineage tracking and impact analysis
• Support for batch and streaming data processing

Technical Components: Apache Airflow for managing data transformation pipelines and retries",2,New,"Migration,ETL,DataProcessing,DataQuality,Transformation"
Epic,"Source System Integration - Data Extraction from Source Systems","Develop connectors and integration mechanisms to extract data from various source systems including databases, file systems, cloud storage, and applications. This includes handling different data formats, implementing incremental extraction, and ensuring data consistency during the extraction process.

Acceptance Criteria:
• Multi-source data connectors (databases, files, APIs, cloud storage)
• Incremental and full extraction capabilities with change data capture
• Data validation and consistency checks at source
• Source system impact minimization with optimized extraction windows
• Support for various data formats (CSV, JSON, XML, Parquet, etc.)
• Connection pooling and retry mechanisms for reliability",2,New,"Migration,DataExtraction,Connectors,SourceSystems"
Epic,"Destination System Integration - Target System Data Loading Framework","Create the framework for loading transformed data into target systems and applications. This includes developing APIs, batch loading processes, real-time streaming capabilities, and data validation mechanisms to ensure successful data delivery to consumption systems.

Acceptance Criteria:
• Target system connectors and APIs for various destinations
• Batch and real-time loading capabilities with configurable schedules
• Data validation and reconciliation between source and target
• Performance monitoring and optimization for load operations
• Error handling with dead letter queues and retry mechanisms
• Support for multiple target formats and schemas",3,New,"Migration,DataLoading,TargetSystems,APIs,Consumption"
```

## Instructions for Import:

1. **Copy the CSV content** above (everything between the ```csv``` tags)
2. **Save as .csv file** (e.g., `migration_epics.csv`)
3. **In Azure DevOps:**
   - Go to **Boards → Work Items**
   - Click **Import Work Items**
   - Upload your CSV file
   - Map the columns to Azure DevOps fields
   - Review and import

## Notes:
- **Priority**: 1 = High, 2 = Medium, 3 = Low
- **State**: Set to "New" initially
- **Tags**: Added relevant tags for filtering and organization
- **Description**: Includes both description and acceptance criteria
- You may need to adjust **Area Path** and **Iteration Path** based on your project structure

## After Import:
- You can create **Features** and **User Stories** under each Epic
- Set up **parent-child relationships** between work items
- Assign to **sprints/iterations** as needed
- Add **team assignments** and **effort estimates**