<?xml version='1.0' encoding='utf-8'?>
<metadata><defaultSchema>IA</defaultSchema><locale>en-US</locale><schemaMetadataList><schemaMetadata><name>IA</name><tableCount>1</tableCount><tableMetadataList><tableMetadata><name>SAP</name><recordCount>500</recordCount><columnList><column><name>po_number</name><ordinal>1</ordinal><type>VARCHAR</type><typeLength>255</typeLength><indexing>VALUE</indexing><encrypt>false</encrypt></column><column><name>company_code</name><ordinal>2</ordinal><type>INT</type><typeLength>0</typeLength><indexing>VALUE</indexing><encrypt>false</encrypt></column><column><name>plant</name><ordinal>3</ordinal><type>VARCHAR</type><typeLength>255</typeLength><indexing>VALUE</indexing><encrypt>false</encrypt></column><column><name>po_date</name><ordinal>4</ordinal><type>DATE</type><typeLength>0</typeLength><indexing>VALUE</indexing><encrypt>false</encrypt></column><column><name>vendor_id</name><ordinal>5</ordinal><type>VARCHAR</type><typeLength>255</typeLength><indexing>VALUE</indexing><encrypt>false</encrypt></column><column><name>currency</name><ordinal>6</ordinal><type>VARCHAR</type><typeLength>255</typeLength><indexing>VALUE</indexing><encrypt>false</encrypt></column><column><name>total_amount</name><ordinal>7</ordinal><type>FLOAT</type><typeLength>64</typeLength><indexing>VALUE</indexing><encrypt>false</encrypt></column><column><name>status</name><ordinal>8</ordinal><type>VARCHAR</type><typeLength>255</typeLength><indexing>VALUE</indexing><encrypt>false</encrypt></column></columnList></tableMetadata></tableMetadataList></schemaMetadata></schemaMetadataList></metadata>