[
  {
    "id": 1,
    "customer_name": "ACME Corp",
    "order_date": "2025-01-05",
    "amount": 15750.50,
    "status": "Completed",
    "region": "North America"
  },
  {
    "id": 2,
    "customer_name": "TechStart Inc",
    "order_date": "2025-01-06",
    "amount": 8250.75,
    "status": "Processing",
    "region": "Europe"
  },
  {
    "id": 3,
    "customer_name": "Global Solutions",
    "order_date": "2025-01-07",
    "amount": 22300.00,
    "status": "Pending",
    "region": "Asia Pacific"
  },
  {
    "id": 4,
    "customer_name": "Innovation Labs",
    "order_date": "2025-01-04",
    "amount": 5890.25,
    "status": "Completed",
    "region": "North America"
  },
  {
    "id": 5,
    "customer_name": "Future Systems",
    "order_date": "2025-01-07",
    "amount": 12450.80,
    "status": "In Progress",
    "region": "Europe"
  }
]
