CUST_ID,MEMBERSHIP_STATUS,MEMBER_SINCE_DATE,LAST_ACTIVITY_DATE,MILEAGE_BALANCE,LAST_NAME,FIRST_NAME,
91644,GENERAL!,3/31/1999,9/26/2004,10000,Thompson,Mary,
91645,GENERAL@,3/31/1999,3/16/1999,6000,Halliford,Edward,
91662,GENERALS,3/31/1999,4/15/2004,10000,Robertson,Sandie,
96755,GENERAL%,01-01-2001,12/15/2004,6000,Michaels,Mary,
91646,GENERAL^,3/31/1999,9/26/2004,10000,Thompson,John,
91647,GENERAL&,3/31/1999,3/16/1999,6000,Halliford,Audrey,
91698,GENERAL*,3/31/1999,4/15/2004,10000,Robertson,Adlin,
96756,GENERAL<,01-01-2001,12/15/2004,6000,Michaels,Joseph,
96756,GENERAL>,01-01-2001,12/15/2004,6000,Thompson,Joseph,
96756,"GENERAL""",01-01-2001,12/15/2004,6000,Halliford,Joseph,
96756,GENERAL:,01-01-2001,12/15/2004,6000,Robertson,Joseph,
96756,GENERAL(,01-01-2001,12/15/2004,6000,Adlin,Joseph,
96756,GENERAL#,01-01-2001,12/15/2004,6000,Adlin,Jose,
96756,GENERAL-,01-01-2001,12/15/2004,6000,Adlin,hypejm,
96756,GENERAL.,01-01-2001,12/15/2004,6000,Adlin,underscore,
96756,GENERAL+,01-01-2001,12/15/2004,6000,Adlin,plus,
96756,GENERAL=,01-01-2001,12/15/2004,6000,Adlin,equalto,
96756,GENERAL[,01-01-2001,12/15/2004,6000,Adlin,curly,
96756,GENERAL],01-01-2001,12/15/2004,6000,Adlin,squarebrace,
91847,GENERAL$,2/14/2000,08-12-2005,8500,Johnson,Michael,
92583,GENERAL%,5/22/1998,11/30/2003,12000,Williams,Sarah,
93729,GENERAL&,09-08-2001,3/25/2004,7500,Brown,David,
94851,GENERAL*,12-03-1999,6/18/2005,9200,Davis,Jennifer,
95963,GENERAL#,7/16/2000,10-07-2004,6800,Miller,Robert,
96174,GENERAL@,1/29/2002,4/14/2005,11500,Wilson,Lisa,
97285,GENERAL!,08-11-1999,12/22/2003,5900,Moore,Christopher,
98396,GENERAL^,3/27/2001,07-09-2005,8800,Taylor,Amanda,
99507,GENERAL(,11-05-1998,2/16/2004,10300,Anderson,James,
90618,GENERAL),6/18/2000,9/28/2005,7200,Thomas,Michelle,
91729,GENERAL-,10/14/2002,01-11-2004,9600,Jackson,William,
92840,GENERAL+,04-07-1999,5/23/2005,6400,White,Jessica,
93951,GENERAL=,12/19/2001,08-06-2003,11800,Harris,Matthew,
95062,GENERAL[,7/31/1998,11/17/2004,8100,Martin,Ashley,
96173,GENERAL],02-12-2000,4/29/2005,9900,Garcia,Daniel,
97284,GENERAL{,9/25/2002,12-08-2003,7700,Martinez,Rebecca,
98395,GENERAL},05-08-1999,3/15/2005,10700,Robinson,Ryan,
99506,GENERAL|,1/20/2001,06-02-2004,8300,Clark,Stephanie,
90617,GENERAL\,08-03-1998,10/19/2005,6600,Rodriguez,Kevin,
91728,GENERAL/,11/16/2000,1/28/2003,9400,Lewis,Nicole,
92839,GENERAL:,6/29/2002,7/14/2005,7900,Lee,Brandon,
93950,GENERAL;,3/14/1999,09-01-2004,11200,Walker,Samantha,
95061,GENERAL<,10/27/2001,12/13/2003,8600,Hall,Tyler,
96172,GENERAL>,07-10-1998,4/26/2005,9800,Allen,Brittany,
97283,GENERAL?,2/23/2000,11-11-2004,7300,Young,Andrew,
98394,GENERAL.,08-06-2002,02-08-2003,10400,Hernandez,Megan,
99505,GENERAL,,5/19/1999,6/25/2005,6900,King,Joshua
90616,GENERAL`,1/31/2001,09-12-2004,8700,Wright,Kimberly,
91727,GENERAL~,9/13/1998,3/30/2005,11000,Lopez,Nathan,
92838,GENERAL°,4/26/2000,7/17/2003,7600,Hill,Rachel,
93949,GENERAL§,12-08-2002,10-04-2004,9300,Scott,Connor,
95060,GENERAL©,6/21/1999,1/21/2005,8200,Green,Alyssa,
96171,GENERAL®,11-03-2001,05-08-2003,10600,Adams,Ethan,
97282,GENERAL™,3/17/1998,8/24/2004,6700,Baker,Hannah,
98393,GENERAL€,8/30/2000,12-06-2005,9500,Gonzalez,Ian,
99504,GENERAL£,05-12-2002,04-03-2003,7800,Nelson,Chloe,
90615,GENERAL¥,1/25/1999,9/19/2004,11400,Carter,Mason,
91726,GENERAL¢,07-08-2001,2/15/2005,8400,Mitchell,Emma,
92837,GENERAL₹,10/21/1998,06-01-2003,9700,Perez,Logan,
93948,GENERAL₽,04-04-2000,11/28/2004,7100,Roberts,Olivia,
95059,GENERAL₩,12/17/2002,3/16/2005,10200,Turner,Caleb,
96170,GENERAL₪,6/30/1999,08-03-2003,8900,Phillips,Sophia,
97281,GENERAL₨,02-11-2001,1/20/2004,6500,Campbell,Noah,
98392,GENERAL₦,9/24/1998,05-07-2005,9100,Parker,Ava,
99503,GENERAL₡,05-07-2000,10/24/2004,7400,Evans,Liam,
90614,GENERAL₵,1/18/2002,02-11-2003,11700,Edwards,Isabella,
91725,GENERAL₴,08-01-1999,6/28/2005,8000,Collins,Elijah,
92836,GENERAL₲,11/14/2001,9/15/2004,9800,Stewart,Madison,
93947,GENERAL₸,4/27/1998,12-02-2003,7000,Sanchez,Alexander,
95058,GENERAL₻,10-10-2000,4/19/2005,10500,Morris,Abigail,
96169,GENERAL₼,7/23/2002,07-06-2004,8500,Rogers,Benjamin,
97280,GENERAL₾,02-05-1999,11/22/2003,6800,Reed,Charlotte,
