Work Item Type,Title,Description,Parent,Priority,State,Tags,Area Path,Iteration Path
Feature,React.js Dashboard Development,"Develop interactive dashboards using React.js for monitoring migration progress, displaying real-time metrics, and providing user-friendly interface for workflow management. Includes component development, state management, and responsive design implementation.",UI & Visualization Layer - User Interface and Visualization Components,1,New,"Migration,UI,React,Dashboard",YourProject,Sprint 1
Feature,Grafana Analytics Integration,"Integrate Grafana for custom dashboards showing pipeline health, performance metrics, and migration analytics. Includes dashboard configuration, data source setup, and custom visualization creation.",UI & Visualization Layer - User Interface and Visualization Components,1,New,"Migration,Analytics,Grafana,Monitoring",YourProject,Sprint 1
Feature,Workflow Development Interface,"Create drag-and-drop interface for designing migration workflows, including workflow canvas, component library, and workflow validation mechanisms.",UI & Visualization Layer - User Interface and Visualization Components,2,New,"Migration,Workflow,UI,Development",YourProject,Sprint 2
Feature,Apache Ranger Security Implementation,"Implement fine-grained access control using Apache Ranger for databases and object storage, including policy management, user authentication, and authorization frameworks.",Security & Compliance Framework - Enterprise Security and Compliance Controls,1,New,"Migration,Security,ApacheRanger,AccessControl",YourProject,Sprint 1
Feature,Data Encryption & Governance,"Establish data encryption standards for data at rest and in transit, implement data classification policies, and create audit trails for compliance reporting.",Security & Compliance Framework - Enterprise Security and Compliance Controls,1,New,"Migration,Encryption,Governance,Compliance",YourProject,Sprint 1
Feature,Audit Logging & Compliance Reporting,"Build comprehensive audit logging system and automated compliance reporting mechanisms to track all migration activities and maintain regulatory compliance.",Security & Compliance Framework - Enterprise Security and Compliance Controls,2,New,"Migration,Audit,Compliance,Reporting",YourProject,Sprint 2
Feature,Apache Airflow DAG Development,"Design and implement Apache Airflow DAGs for orchestrating migration workflows, including task scheduling, dependency management, and error handling mechanisms.",Orchestration Layer - Migration Workflow Orchestration Engine,1,New,"Migration,Airflow,DAG,Orchestration",YourProject,Sprint 1
Feature,Workflow Scheduling & Automation,"Create automated scheduling system for migration workflows with configurable triggers, time-based scheduling, and event-driven execution capabilities.",Orchestration Layer - Migration Workflow Orchestration Engine,2,New,"Migration,Scheduling,Automation,Workflow",YourProject,Sprint 2
Feature,Error Handling & Recovery System,"Implement robust error handling, retry mechanisms, and workflow recovery systems to ensure reliable migration operations with minimal manual intervention.",Orchestration Layer - Migration Workflow Orchestration Engine,2,New,"Migration,ErrorHandling,Recovery,Reliability",YourProject,Sprint 2
Feature,Multi-Tier Storage Architecture,"Design and implement scalable storage infrastructure with hot, warm, and cold storage tiers, including data lifecycle management and automated archival policies.",Storage Layer Infrastructure - Scalable Storage Architecture,1,New,"Migration,Storage,Architecture,DataLake",YourProject,Sprint 1
Feature,Data Partitioning & Indexing,"Implement efficient data partitioning strategies and indexing mechanisms for optimal query performance and data retrieval across large datasets.",Storage Layer Infrastructure - Scalable Storage Architecture,2,New,"Migration,Partitioning,Indexing,Performance",YourProject,Sprint 2
Feature,Backup & Disaster Recovery,"Establish comprehensive backup strategies and disaster recovery mechanisms to ensure data safety and business continuity during migration processes.",Storage Layer Infrastructure - Scalable Storage Architecture,2,New,"Migration,Backup,DisasterRecovery,DataSafety",YourProject,Sprint 3
Feature,Data Cleaning & Quality Validation,"Develop automated data cleaning algorithms and quality validation mechanisms to ensure data integrity throughout the migration process.",Data Processing Engine - Data Transformation and Processing Pipeline,1,New,"Migration,DataCleaning,DataQuality,Validation",YourProject,Sprint 1
Feature,Data Enrichment Services,"Build data enrichment capabilities using external data sources and business rules to enhance data value and completeness during migration.",Data Processing Engine - Data Transformation and Processing Pipeline,2,New,"Migration,DataEnrichment,Enhancement,Integration",YourProject,Sprint 2
Feature,ETL Pipeline Development,"Create robust ETL/ELT pipelines using Apache Airflow for data transformation, including schema validation, format conversion, and performance optimization.",Data Processing Engine - Data Transformation and Processing Pipeline,1,New,"Migration,ETL,Pipeline,Transformation",YourProject,Sprint 1
Feature,Data Lineage & Impact Analysis,"Implement data lineage tracking and impact analysis capabilities to maintain visibility into data flow and transformation throughout the migration process.",Data Processing Engine - Data Transformation and Processing Pipeline,3,New,"Migration,DataLineage,Impact,Tracking",YourProject,Sprint 3
Feature,Multi-Source Data Connectors,"Develop connectors for various source systems including databases, file systems, cloud storage, and APIs to enable comprehensive data extraction.",Source System Integration - Data Extraction from Source Systems,1,New,"Migration,Connectors,DataExtraction,Integration",YourProject,Sprint 1
Feature,Incremental Data Extraction,"Implement incremental extraction capabilities with change data capture mechanisms to minimize source system impact and optimize extraction performance.",Source System Integration - Data Extraction from Source Systems,1,New,"Migration,Incremental,CDC,Extraction",YourProject,Sprint 1
Feature,Source Data Validation,"Create comprehensive data validation and consistency checking mechanisms at the source to ensure data quality before migration processing.",Source System Integration - Data Extraction from Source Systems,2,New,"Migration,Validation,DataConsistency,SourceSystems",YourProject,Sprint 2
Feature,Target System APIs & Connectors,"Develop APIs and connectors for loading data into various target systems and applications with support for different data formats and protocols.",Destination System Integration - Target System Data Loading Framework,1,New,"Migration,APIs,Connectors,TargetSystems",YourProject,Sprint 1
Feature,Batch & Real-time Loading,"Implement both batch and real-time data loading capabilities with configurable schedules and streaming support for different consumption patterns.",Destination System Integration - Target System Data Loading Framework,2,New,"Migration,Batch,RealTime,Loading",YourProject,Sprint 2
Feature,Data Reconciliation & Validation,"Build data reconciliation mechanisms to validate successful data delivery and ensure consistency between source and target systems.",Destination System Integration - Target System Data Loading Framework,2,New,"Migration,Reconciliation,Validation,DataConsistency",YourProject,Sprint 2