<?xml version="1.0" encoding="UTF-8"?>
<schema xmlns="http://www.w3.org/2001/XMLSchema" 
        targetNamespace="http://www.infoarchive.com/schema/sap" 
        xmlns:tns="http://www.infoarchive.com/schema/sap"
        elementFormDefault="qualified">
  
  <!-- SAP Purchase Order Schema -->
  <element name="PurchaseOrderRecord" type="tns:PurchaseOrderRecordType"/>
  
  <complexType name="PurchaseOrderRecordType">
    <sequence>
      <element name="OrderNumber" type="string" minOccurs="1"/>
      <element name="OrderDate" type="date" minOccurs="1"/>
      <element name="VendorNumber" type="string" minOccurs="1"/>
      <element name="TotalAmount" type="decimal" minOccurs="0"/>
      <element name="Currency" type="string" minOccurs="0"/>
      <element name="Status" type="string" minOccurs="0"/>
    </sequence>
  </complexType>
  
</schema>
