<?xml version="1.0" encoding="UTF-8"?>
<schema xmlns="http://www.w3.org/2001/XMLSchema" 
        targetNamespace="urn:infoarchive_application"
        xmlns:tns="urn:infoarchive_application"
        elementFormDefault="qualified">
  
  <annotation>
    <documentation>
      InfoArchive Schema for PurchaseOrderHeader
      Generated from validated table data
      Application: InfoArchive_Application
      Schema: DataArchival_Schema
      Locale: en-US
      Record Count: 1000
    </documentation>
  </annotation>
  
  <!-- Root element for the table -->
  <element name="PurchaseOrderHeader" type="tns:PurchaseOrderHeaderType"/>
  
  <!-- Complex type definition for the table -->
  <complexType name="PurchaseOrderHeaderType">
    <sequence>
      <element name="records" type="tns:RecordsType"/>
    </sequence>
  </complexType>
  
  <!-- Records collection type -->
  <complexType name="RecordsType">
    <sequence>
      <element name="record" type="tns:RecordType" maxOccurs="unbounded"/>
    </sequence>
  </complexType>
  
  <!-- Individual record type -->
  <complexType name="RecordType">
    <sequence>
      <element name="OrderNumber" type="string" minOccurs="1"/>
      <element name="OrderDate" type="date" minOccurs="1"/>
      <element name="VendorId" type="string" minOccurs="1"/>
      <element name="TotalAmount" type="decimal" minOccurs="0"/>
      <element name="Currency" type="string" minOccurs="0"/>
    </sequence>
  </complexType>
  
</schema>
